currency_from,currency_to,exchange_rate
AUD,AED,2.481008
AUD,AFN,59.438632
AUD,ALL,79.076823
AUD,AMD,278.712641
AUD,ANG,1.217436
AUD,AOA,292.212686
AUD,ARS,86.467559
AUD,AUD,1
AUD,AWG,1.214129
AUD,AZN,1.148132
AUD,BAM,1.319036
AUD,BBD,1.363912
AUD,BDT,63.464313
AUD,BGN,1.31777
AUD,BHD,0.254633
AUD,BIF,1390.680142
AUD,BMD,0.675454
AUD,BND,0.948334
AUD,BOB,4.650889
AUD,BRL,3.663866
AUD,BSD,0.675515
AUD,BTC,3.2845677e-05
AUD,BTN,53.92014
AUD,BWP,8.643792
AUD,BYN,1.705024
AUD,BYR,13238.904818
AUD,BZD,1.361619
AUD,CAD,0.885554
AUD,CDF,1352.598994
AUD,CHF,0.664109
AUD,CLF,0.024708
AUD,CLP,681.762892
AUD,CNY,4.563505
AUD,COP,3034.140839
AUD,CRC,463.081198
AUD,CUC,0.675454
AUD,CUP,17.89954
AUD,CVE,74.364821
AUD,CZK,16.479669
AUD,DJF,120.041816
AUD,DKK,5.014234
AUD,DOP,36.883246
AUD,DZD,99.388116
AUD,EGP,12.75116
AUD,ERN,10.131815
AUD,ETB,35.253572
AUD,EUR,0.673749
AUD,FJD,1.505046
AUD,FKP,0.56896
AUD,GBP,0.570533
AUD,GEL,1.985928
AUD,GGP,0.56896
AUD,GHS,5.488355
AUD,GIP,0.56896
AUD,GMD,36.535327
AUD,GNF,5862.253092
AUD,GTQ,5.228482
AUD,GYD,141.32946
AUD,HKD,5.302171
AUD,HNL,16.607476
AUD,HRK,5.062665
AUD,HTG,78.277164
AUD,HUF,273.994672
AUD,IDR,10162.615629
AUD,ILS,2.363503
AUD,IMP,0.56896
AUD,INR,53.954312
AUD,IQD,985.920519
AUD,IRR,28605.490976
AUD,ISK,93.719439
AUD,JEP,0.56896
AUD,JMD,102.542937
AUD,JOD,0.478895
AUD,JPY,93.868225
AUD,KES,79.839825
AUD,KGS,54.781272
AUD,KHR,2758.133272
AUD,KMF,313.832973
AUD,KPW,607.908889
AUD,KRW,889.4754
AUD,KWD,0.208105
AUD,KYD,0.562957
AUD,KZT,324.073208
AUD,LAK,10152.587746
AUD,LBP,1021.510858
AUD,LKR,243.85122
AUD,LRD,103.007555
AUD,LSL,10.698977
AUD,LTL,1.994441
AUD,LVL,0.408575
AUD,LYD,3.29209
AUD,MAD,6.987856
AUD,MDL,13.047237
AUD,MGA,2778.150731
AUD,MKD,41.54516
AUD,MMK,1250.709878
AUD,MNT,2124.0742
AUD,MOP,5.461772
AUD,MRO,241.137079
AUD,MUR,30.42927
AUD,MVR,10.368155
AUD,MWK,693.368873
AUD,MXN,14.055641
AUD,MYR,3.001697
AUD,MZN,43.114342
AUD,NAD,10.69936
AUD,NGN,280.536174
AUD,NIO,24.220343
AUD,NOK,6.910371
AUD,NPR,86.272008
AUD,NZD,1.101963
AUD,OMR,0.260044
AUD,PAB,0.675515
AUD,PEN,2.672344
AUD,PGK,2.410795
AUD,PHP,38.04824
AUD,PKR,141.553443
AUD,PLN,3.246673
AUD,PYG,4634.972316
AUD,QAR,2.45935
AUD,RON,3.32938
AUD,RSD,79.065312
AUD,RUB,39.36208
AUD,RWF,696.584616
AUD,SAR,2.535592
AUD,SBD,5.511686
AUD,SCR,8.845781
AUD,SDG,308.343945
AUD,SEK,7.142139
AUD,SGD,0.947729
AUD,SHP,0.930373
AUD,SLL,8895.733342
AUD,SOS,394.802083
AUD,SRD,15.186579
AUD,STD,13980.540842
AUD,SVC,5.910756
AUD,SYP,1697.098878
AUD,SZL,11.576606
AUD,THB,24.700353
AUD,TJS,6.974612
AUD,TMT,2.370845
AUD,TND,2.069255
AUD,TOP,1.596371
AUD,TRY,11.799577
AUD,TTD,4.574429
AUD,TWD,20.218847
AUD,TZS,1575.159487
AUD,UAH,19.943209
AUD,UGX,2543.323284
AUD,USD,0.675454
AUD,UYU,27.712849
AUD,UZS,7386.588617
AUD,VND,15819.140349
AUD,VUV,80.308835
AUD,WST,1.837891
AUD,XAF,442.405386
AUD,XAG,0.036608
AUD,XAU,0.000395
AUD,XCD,1.825449
AUD,XDR,0.514937
AUD,XOF,442.389926
AUD,XPF,76.427765
AUD,YER,169.032274
AUD,ZAR,11.575123
AUD,ZMK,6079.901561
AUD,ZMW,11.08514
AUD,ZWL,217.496018
CAD,AED,2.801644
CAD,AFN,67.120245
CAD,ALL,89.296398
CAD,AMD,314.732356
CAD,ANG,1.374773
CAD,AOA,329.977092
CAD,ARS,97.642283
CAD,AUD,1.129236
CAD,AWG,1.371038
CAD,AZN,1.296512
CAD,BAM,1.489503
CAD,BBD,1.540178
CAD,BDT,71.666188
CAD,BGN,1.488073
CAD,BHD,0.287541
CAD,BIF,1570.406117
CAD,BMD,0.762747
CAD,BND,1.070893
CAD,BOB,5.251952
CAD,BRL,4.137369
CAD,BSD,0.762816
CAD,BTC,3.7090521e-05
CAD,BTN,60.888564
CAD,BWP,9.760881
CAD,BYN,1.925375
CAD,BYR,14949.848271
CAD,BZD,1.537589
CAD,CAD,1
CAD,CDF,1527.403513
CAD,CHF,0.749936
CAD,CLF,0.027901
CAD,CLP,769.871219
CAD,CNY,5.153274
CAD,COP,3426.261145
CAD,CRC,522.927972
CAD,CUC,0.762747
CAD,CUP,20.212805
CAD,CVE,83.975435
CAD,CZK,18.609436
CAD,DJF,135.555543
CAD,DKK,5.662254
CAD,DOP,41.64989
CAD,DZD,112.232641
CAD,EGP,14.399069
CAD,ERN,11.44121
CAD,ETB,39.809604
CAD,EUR,0.760821
CAD,FJD,1.699552
CAD,FKP,0.64249
CAD,GBP,0.644266
CAD,GEL,2.242581
CAD,GGP,0.64249
CAD,GHS,6.197648
CAD,GIP,0.64249
CAD,GMD,41.257007
CAD,GNF,6619.867388
CAD,GTQ,5.90419
CAD,GYD,159.594318
CAD,HKD,5.987403
CAD,HNL,18.75376
CAD,HRK,5.716944
CAD,HTG,88.393394
CAD,HUF,309.404655
CAD,IDR,11475.991691
CAD,ILS,2.668952
CAD,IMP,0.64249
CAD,INR,60.927153
CAD,IQD,1113.336969
CAD,IRR,32302.350963
CAD,ISK,105.831367
CAD,JEP,0.64249
CAD,JMD,115.795179
CAD,JOD,0.540786
CAD,JPY,105.999382
CAD,KES,90.158007
CAD,KGS,61.860986
CAD,KHR,3114.583457
CAD,KMF,354.3915
CAD,KPW,686.472618
CAD,KRW,1004.427667
CAD,KWD,0.234999
CAD,KYD,0.635712
CAD,KZT,365.955142
CAD,LAK,11464.667844
CAD,LBP,1153.526862
CAD,LKR,275.365582
CAD,LRD,116.319842
CAD,LSL,12.08167
CAD,LTL,2.252195
CAD,LVL,0.461378
CAD,LYD,3.717546
CAD,MAD,7.890939
CAD,MDL,14.733411
CAD,MGA,3137.187892
CAD,MKD,46.914291
CAD,MMK,1412.346653
CAD,MNT,2398.581109
CAD,MOP,6.167629
CAD,MRO,272.300677
CAD,MUR,34.361828
CAD,MVR,11.708094
CAD,MWK,782.977112
CAD,MXN,15.872136
CAD,MYR,3.389624
CAD,MZN,48.686268
CAD,NAD,12.082103
CAD,NGN,316.791554
CAD,NIO,27.350484
CAD,NOK,7.80344
CAD,NPR,97.421459
CAD,NZD,1.244377
CAD,OMR,0.293651
CAD,PAB,0.762816
CAD,PEN,3.017707
CAD,PGK,2.722357
CAD,PHP,42.965443
CAD,PKR,159.847247
CAD,PLN,3.66626
CAD,PYG,5233.977721
CAD,QAR,2.777186
CAD,RON,3.759656
CAD,RSD,89.283399
CAD,RUB,44.449079
CAD,RWF,786.608444
CAD,SAR,2.863282
CAD,SBD,6.223995
CAD,SCR,9.988974
CAD,SDG,348.193091
CAD,SEK,8.065161
CAD,SGD,1.07021
CAD,SHP,1.050611
CAD,SLL,10045.382571
CAD,SOS,445.824736
CAD,SRD,17.149232
CAD,STD,15787.330387
CAD,SVC,6.674639
CAD,SYP,1916.425194
CAD,SZL,13.072721
CAD,THB,27.892528
CAD,TJS,7.875983
CAD,TMT,2.677243
CAD,TND,2.336678
CAD,TOP,1.802679
CAD,TRY,13.324508
CAD,TTD,5.16561
CAD,TWD,22.831851
CAD,TZS,1778.726841
CAD,UAH,22.52059
CAD,UGX,2872.012279
CAD,USD,0.762747
CAD,UYU,31.294348
CAD,UZS,8341.201979
CAD,VND,17863.543189
CAD,VUV,90.687629
CAD,WST,2.075413
CAD,XAF,499.5801
CAD,XAG,0.041339
CAD,XAU,0.000446
CAD,XCD,2.061363
CAD,XDR,0.581485
CAD,XOF,499.562642
CAD,XPF,86.304986
CAD,YER,190.877333
CAD,ZAR,13.071046
CAD,ZMK,6865.64388
CAD,ZMW,12.517739
CAD,ZWL,245.604339
CHF,AED,3.735843
CHF,AFN,89.501286
CHF,ALL,119.07201
CHF,AMD,419.678903
CHF,ANG,1.833187
CHF,AOA,440.00695
CHF,ARS,130.200806
CHF,AUD,1.505776
CHF,AWG,1.828207
CHF,AZN,1.72883
CHF,BAM,1.986173
CHF,BBD,2.053746
CHF,BDT,95.563061
CHF,BGN,1.984267
CHF,BHD,0.38342
CHF,BIF,2094.053263
CHF,BMD,1.017083
CHF,BND,1.427979
CHF,BOB,7.003199
CHF,BRL,5.516963
CHF,BSD,1.017175
CHF,BTC,4.9458243e-05
CHF,BTN,81.191671
CHF,BWP,13.015618
CHF,BYN,2.567385
CHF,BYR,19934.829729
CHF,BZD,2.050293
CHF,CAD,1.333447
CHF,CDF,2036.711572
CHF,CHF,1
CHF,CLF,0.037204
CHF,CLP,1026.582436
CHF,CNY,6.871617
CHF,COP,4568.737507
CHF,CRC,697.296714
CHF,CUC,1.017083
CHF,CUP,26.952703
CHF,CVE,111.976789
CHF,CZK,24.814696
CHF,DJF,180.756126
CHF,DKK,7.550316
CHF,DOP,55.537919
CHF,DZD,149.656274
CHF,EGP,19.200395
CHF,ERN,15.256247
CHF,ETB,53.083995
CHF,EUR,1.014515
CHF,FJD,2.266262
CHF,FKP,0.856727
CHF,GBP,0.859095
CHF,GEL,2.990363
CHF,GGP,0.856727
CHF,GHS,8.264235
CHF,GIP,0.856727
CHF,GMD,55.01403
CHF,GNF,8827.242043
CHF,GTQ,7.872924
CHF,GYD,212.810558
CHF,HKD,7.983884
CHF,HNL,25.007145
CHF,HRK,7.623241
CHF,HTG,117.867903
CHF,HUF,412.574697
CHF,IDR,15302.626233
CHF,ILS,3.558906
CHF,IMP,0.856727
CHF,INR,81.243127
CHF,IQD,1484.575797
CHF,IRR,43073.471692
CHF,ISK,141.120514
CHF,JEP,0.856727
CHF,JMD,154.406729
CHF,JOD,0.721109
CHF,JPY,141.344554
CHF,KES,120.22092
CHF,KGS,82.488343
CHF,KHR,4153.131842
CHF,KMF,472.562268
CHF,KPW,915.374826
CHF,KRW,1339.351019
CHF,KWD,0.313359
CHF,KYD,0.847688
CHF,KZT,487.981772
CHF,LAK,15287.526484
CHF,LBP,1538.166888
CHF,LKR,367.185399
CHF,LRD,155.106339
CHF,LSL,16.110266
CHF,LTL,3.003182
CHF,LVL,0.615223
CHF,LYD,4.957151
CHF,MAD,10.522149
CHF,MDL,19.646222
CHF,MGA,4183.273657
CHF,MKD,62.557719
CHF,MMK,1883.289351
CHF,MNT,3198.380689
CHF,MOP,8.224206
CHF,MRO,363.098509
CHF,MUR,45.819675
CHF,MVR,15.612123
CHF,MWK,1044.058449
CHF,MXN,21.164651
CHF,MYR,4.519884
CHF,MZN,64.920556
CHF,NAD,16.110843
CHF,NGN,422.424735
CHF,NIO,36.47042
CHF,NOK,10.405474
CHF,NPR,129.906349
CHF,NZD,1.65931
CHF,OMR,0.391567
CHF,PAB,1.017175
CHF,PEN,4.023953
CHF,PGK,3.630119
CHF,PHP,57.29214
CHF,PKR,213.147826
CHF,PLN,4.888763
CHF,PYG,6979.23168
CHF,QAR,3.703231
CHF,RON,5.013301
CHF,RSD,119.054677
CHF,RUB,59.270489
CHF,RWF,1048.900638
CHF,SAR,3.818034
CHF,SBD,8.299367
CHF,SCR,13.319767
CHF,SDG,464.297019
CHF,SEK,10.754464
CHF,SGD,1.427068
CHF,SHP,1.400934
CHF,SLL,13394.984851
CHF,SOS,594.483639
CHF,SRD,22.867591
CHF,STD,21051.567711
CHF,SVC,8.900277
CHF,SYP,2555.451349
CHF,SZL,17.431779
CHF,THB,37.193207
CHF,TJS,10.502205
CHF,TMT,3.569962
CHF,TND,3.115836
CHF,TOP,2.403777
CHF,TRY,17.767524
CHF,TTD,6.888067
CHF,TWD,30.445062
CHF,TZS,2371.837898
CHF,UAH,30.030012
CHF,UGX,3829.676042
CHF,USD,1.017083
CHF,UYU,41.729353
CHF,UZS,11122.550421
CHF,VND,23820.08736
CHF,VUV,120.927144
CHF,WST,2.767453
CHF,XAF,666.163566
CHF,XAG,0.055123
CHF,XAU,0.000594
CHF,XCD,2.748718
CHF,XDR,0.77538
CHF,XOF,666.140286
CHF,XPF,115.083121
CHF,YER,254.5248
CHF,ZAR,17.429547
CHF,ZMK,9154.971959
CHF,ZMW,16.691741
CHF,ZWL,327.500359
DKK,AED,0.494793
DKK,AFN,11.85398
DKK,ALL,15.770468
DKK,AMD,55.584286
DKK,ANG,0.242796
DKK,AOA,58.276631
DKK,ARS,17.244419
DKK,AUD,0.199432
DKK,AWG,0.242136
DKK,AZN,0.228974
DKK,BAM,0.263058
DKK,BBD,0.272008
DKK,BDT,12.65683
DKK,BGN,0.262806
DKK,BHD,0.050782
DKK,BIF,277.346456
DKK,BMD,0.134707
DKK,BND,0.189128
DKK,BOB,0.927537
DKK,BRL,0.730693
DKK,BSD,0.134719
DKK,BTC,6.550487e-06
DKK,BTN,10.753414
DKK,BWP,1.723851
DKK,BYN,0.340037
DKK,BYR,2640.264447
DKK,BZD,0.271551
DKK,CAD,0.176608
DKK,CDF,269.751848
DKK,CHF,0.132445
DKK,CLF,0.004928
DKK,CLP,135.965501
DKK,CNY,0.91011
DKK,COP,605.105505
DKK,CRC,92.353321
DKK,CUC,0.134707
DKK,CUP,3.569745
DKK,CVE,14.830743
DKK,CZK,3.286577
DKK,DJF,23.940208
DKK,DKK,1
DKK,DOP,7.355708
DKK,DZD,19.821195
DKK,EGP,2.542992
DKK,ERN,2.020611
DKK,ETB,7.030699
DKK,EUR,0.134367
DKK,FJD,0.300155
DKK,FKP,0.113469
DKK,GBP,0.113783
DKK,GEL,0.396058
DKK,GGP,0.113469
DKK,GHS,1.094555
DKK,GIP,0.113469
DKK,GMD,7.286322
DKK,GNF,1169.122267
DKK,GTQ,1.042728
DKK,GYD,28.185651
DKK,HKD,1.057424
DKK,HNL,3.312066
DKK,HRK,1.009659
DKK,HTG,15.61099
DKK,HUF,54.643371
DKK,IDR,2026.753202
DKK,ILS,0.471359
DKK,IMP,0.113469
DKK,INR,10.760229
DKK,IQD,196.624338
DKK,IRR,5704.857149
DKK,ISK,18.690678
DKK,JEP,0.113469
DKK,JMD,20.450368
DKK,JOD,0.095507
DKK,JPY,18.72035
DKK,KES,15.922635
DKK,KGS,10.925152
DKK,KHR,550.060697
DKK,KMF,62.588413
DKK,KPW,121.236632
DKK,KRW,177.390072
DKK,KWD,0.041503
DKK,KYD,0.112272
DKK,KZT,64.630646
DKK,LAK,2024.753319
DKK,LBP,203.722199
DKK,LKR,48.631795
DKK,LRD,20.543027
DKK,LSL,2.133721
DKK,LTL,0.397756
DKK,LVL,0.081483
DKK,LYD,0.656549
DKK,MAD,1.393604
DKK,MDL,2.60204
DKK,MGA,554.052824
DKK,MKD,8.285444
DKK,MMK,249.431873
DKK,MNT,423.608876
DKK,MOP,1.089253
DKK,MRO,48.090508
DKK,MUR,6.068577
DKK,MVR,2.067744
DKK,MWK,138.280108
DKK,MXN,2.803148
DKK,MYR,0.598635
DKK,MZN,8.59839
DKK,NAD,2.133797
DKK,NGN,55.947958
DKK,NIO,4.830317
DKK,NOK,1.378151
DKK,NPR,17.20542
DKK,NZD,0.219767
DKK,OMR,0.051861
DKK,PAB,0.134719
DKK,PEN,0.532952
DKK,PGK,0.48079
DKK,PHP,7.588046
DKK,PKR,28.23032
DKK,PLN,0.647491
DKK,PYG,924.362913
DKK,QAR,0.490474
DKK,RON,0.663986
DKK,RSD,15.768172
DKK,RUB,7.850068
DKK,RWF,138.921431
DKK,SAR,0.505679
DKK,SBD,1.099208
DKK,SCR,1.764134
DKK,SDG,61.493724
DKK,SEK,1.424373
DKK,SGD,0.189008
DKK,SHP,0.185546
DKK,SLL,1774.096029
DKK,SOS,78.736264
DKK,SRD,3.028693
DKK,STD,2788.17058
DKK,SVC,1.178795
DKK,SYP,338.456231
DKK,SZL,2.308748
DKK,THB,4.926047
DKK,TJS,1.390962
DKK,TMT,0.472823
DKK,TND,0.412676
DKK,TOP,0.318368
DKK,TRY,2.353216
DKK,TTD,0.912289
DKK,TWD,4.03229
DKK,TZS,314.137585
DKK,UAH,3.977319
DKK,UGX,507.22066
DKK,USD,0.134707
DKK,UYU,5.526836
DKK,UZS,1473.123916
DKK,VND,3154.846599
DKK,VUV,16.016171
DKK,WST,0.366535
DKK,XAF,88.229897
DKK,XAG,0.007301
DKK,XAU,7.8696393e-05
DKK,XCD,0.364053
DKK,XDR,0.102695
DKK,XOF,88.226814
DKK,XPF,15.24216
DKK,YER,33.710485
DKK,ZAR,2.308453
DKK,ZMK,1212.528389
DKK,ZMW,2.210734
DKK,ZWL,43.375718
EUR,AED,3.682393
EUR,AFN,88.22076
EUR,ALL,117.368406
EUR,AMD,413.674413
EUR,ANG,1.806959
EUR,AOA,433.71162
EUR,ARS,128.337978
EUR,AUD,1.484233
EUR,AWG,1.80205
EUR,AZN,1.704095
EUR,BAM,1.957756
EUR,BBD,2.024362
EUR,BDT,94.195807
EUR,BGN,1.955877
EUR,BHD,0.377934
EUR,BIF,2064.092924
EUR,BMD,1.002531
EUR,BND,1.407548
EUR,BOB,6.903002
EUR,BRL,5.43803
EUR,BSD,1.002621
EUR,BTC,4.8750627e-05
EUR,BTN,80.030034
EUR,BWP,12.829399
EUR,BYN,2.530653
EUR,BYR,19649.615279
EUR,BZD,2.020959
EUR,CAD,1.314369
EUR,CDF,2007.57164
EUR,CHF,0.985693
EUR,CLF,0.036672
EUR,CLP,1011.894769
EUR,CNY,6.773303
EUR,COP,4503.371012
EUR,CRC,687.320251
EUR,CUC,1.002531
EUR,CUP,26.567082
EUR,CVE,110.374699
EUR,CZK,24.459664
EUR,DJF,178.169986
EUR,DKK,7.442291
EUR,DOP,54.743319
EUR,DZD,147.51509
EUR,EGP,18.925688
EUR,ERN,15.037971
EUR,ETB,52.324504
EUR,EUR,1
EUR,FJD,2.233838
EUR,FKP,0.844469
EUR,GBP,0.846803
EUR,GEL,2.947579
EUR,GGP,0.844469
EUR,GHS,8.145996
EUR,GIP,0.844469
EUR,GMD,54.226926
EUR,GNF,8700.947662
EUR,GTQ,7.760284
EUR,GYD,209.765804
EUR,HKD,7.869656
EUR,HNL,24.649359
EUR,HRK,7.514173
EUR,HTG,116.181526
EUR,HUF,406.671849
EUR,IDR,15083.686308
EUR,ILS,3.507988
EUR,IMP,0.844469
EUR,INR,80.080754
EUR,IQD,1463.335461
EUR,IRR,42457.20475
EUR,ISK,139.101454
EUR,JEP,0.844469
EUR,JMD,152.197579
EUR,JOD,0.710792
EUR,JPY,139.322289
EUR,KES,118.500878
EUR,KGS,81.308154
EUR,KHR,4093.711559
EUR,KMF,465.801157
EUR,KPW,902.278244
EUR,KRW,1320.188464
EUR,KWD,0.308876
EUR,KYD,0.83556
EUR,KZT,481.000049
EUR,LAK,15068.802596
EUR,LBP,1516.159806
EUR,LKR,361.931951
EUR,LRD,152.88718
EUR,LSL,15.879771
EUR,LTL,2.960215
EUR,LVL,0.606421
EUR,LYD,4.886227
EUR,MAD,10.371605
EUR,MDL,19.365136
EUR,MGA,4123.422125
EUR,MKD,61.662684
EUR,MMK,1856.344484
EUR,MNT,3152.620358
EUR,MOP,8.10654
EUR,MRO,357.903534
EUR,MUR,45.164117
EUR,MVR,15.388755
EUR,MWK,1029.120747
EUR,MXN,20.861841
EUR,MYR,4.455217
EUR,MZN,63.991715
EUR,NAD,15.880339
EUR,NGN,416.380959
EUR,NIO,35.948625
EUR,NOK,10.256599
EUR,NPR,128.047734
EUR,NZD,1.63557
EUR,OMR,0.385965
EUR,PAB,1.002621
EUR,PEN,3.966381
EUR,PGK,3.578181
EUR,PHP,56.472441
EUR,PKR,210.098246
EUR,PLN,4.818818
EUR,PYG,6879.377417
EUR,QAR,3.650247
EUR,RON,4.941574
EUR,RSD,117.351321
EUR,RUB,58.422486
EUR,RWF,1033.893657
EUR,SAR,3.763408
EUR,SBD,8.180625
EUR,SCR,13.129197
EUR,SDG,457.654162
EUR,SEK,10.600596
EUR,SGD,1.406651
EUR,SHP,1.38089
EUR,SLL,13203.338205
EUR,SOS,585.978157
EUR,SRD,22.540417
EUR,STD,20750.375707
EUR,SVC,8.772938
EUR,SYP,2518.889629
EUR,SZL,17.182377
EUR,THB,36.661071
EUR,TJS,10.351947
EUR,TMT,3.518885
EUR,TND,3.071256
EUR,TOP,2.369385
EUR,TRY,17.513318
EUR,TTD,6.789517
EUR,TWD,30.009474
EUR,TZS,2337.903199
EUR,UAH,29.600362
EUR,UGX,3774.883553
EUR,USD,1.002531
EUR,UYU,41.132316
EUR,UZS,10963.416275
EUR,VND,23479.285195
EUR,VUV,119.196997
EUR,WST,2.727858
EUR,XAF,656.632535
EUR,XAG,0.054335
EUR,XAU,0.000586
EUR,XCD,2.709392
EUR,XDR,0.764286
EUR,XOF,656.609588
EUR,XPF,113.436588
EUR,YER,250.883226
EUR,ZAR,17.180177
EUR,ZMK,9023.988634
EUR,ZMW,16.452927
EUR,ZWL,322.814699
GBP,AED,4.348582
GBP,AFN,104.180951
GBP,ALL,138.601754
GBP,AMD,488.513061
GBP,ANG,2.133859
GBP,AOA,512.175239
GBP,ARS,151.555853
GBP,AUD,1.752748
GBP,AWG,2.128063
GBP,AZN,2.012386
GBP,BAM,2.311938
GBP,BBD,2.390594
GBP,BDT,111.236956
GBP,BGN,2.309719
GBP,BHD,0.446307
GBP,BIF,2437.512019
GBP,BMD,1.183901
GBP,BND,1.66219
GBP,BOB,8.151837
GBP,BRL,6.421834
GBP,BSD,1.184008
GBP,BTC,5.7570198e-05
GBP,BTN,94.508424
GBP,BWP,15.15039
GBP,BYN,2.988478
GBP,BYR,23204.465676
GBP,BZD,2.386575
GBP,CAD,1.552154
GBP,CDF,2370.765359
GBP,CHF,1.164016
GBP,CLF,0.043307
GBP,CLP,1194.958634
GBP,CNY,7.998674
GBP,COP,5318.084684
GBP,CRC,811.664704
GBP,CUC,1.183901
GBP,CUP,31.373385
GBP,CVE,130.342802
GBP,CZK,28.88471
GBP,DJF,210.403068
GBP,DKK,8.78869
GBP,DOP,64.64704
GBP,DZD,174.202335
GBP,EGP,22.349572
GBP,ERN,17.75852
GBP,ETB,61.790633
GBP,EUR,1.180912
GBP,FJD,2.637966
GBP,FKP,0.997244
GBP,GBP,1
GBP,GEL,3.480831
GBP,GGP,0.997244
GBP,GHS,9.619704
GBP,GIP,0.997244
GBP,GMD,64.037225
GBP,GNF,10275.05315
GBP,GTQ,9.164212
GBP,GYD,247.714947
GBP,HKD,9.293371
GBP,HNL,29.108723
GBP,HRK,8.873577
GBP,HTG,137.200154
GBP,HUF,480.24365
GBP,IDR,17812.50555
GBP,ILS,4.142625
GBP,IMP,0.997244
GBP,INR,94.56832
GBP,IQD,1728.070346
GBP,IRR,50138.220843
GBP,ISK,164.266571
GBP,JEP,0.997244
GBP,JMD,179.731941
GBP,JOD,0.839382
GBP,JPY,164.527357
GBP,KES,139.939104
GBP,KGS,96.017772
GBP,KHR,4834.312938
GBP,KMF,550.070157
GBP,KPW,1065.511169
GBP,KRW,1559.026346
GBP,KWD,0.364755
GBP,KYD,0.986722
GBP,KZT,568.01871
GBP,LAK,17794.929196
GBP,LBP,1790.451247
GBP,LKR,427.409769
GBP,LRD,180.546299
GBP,LSL,18.752611
GBP,LTL,3.495753
GBP,LVL,0.71613
GBP,LYD,5.770204
GBP,MAD,12.247952
GBP,MDL,22.868521
GBP,MGA,4869.3985
GBP,MKD,72.818201
GBP,MMK,2192.179402
GBP,MNT,3722.967084
GBP,MOP,9.57311
GBP,MRO,422.652564
GBP,MUR,53.334846
GBP,MVR,18.172765
GBP,MWK,1215.300997
GBP,MXN,24.635998
GBP,MYR,5.261219
GBP,MZN,75.568582
GBP,NAD,18.753283
GBP,NGN,491.709254
GBP,NIO,42.452161
GBP,NOK,12.112141
GBP,NPR,151.2131
GBP,NZD,1.931464
GBP,OMR,0.455791
GBP,PAB,1.184008
GBP,PEN,4.683946
GBP,PGK,4.225517
GBP,PHP,66.688981
GBP,PKR,248.107532
GBP,PLN,5.6906
GBP,PYG,8123.939064
GBP,QAR,4.310621
GBP,RON,5.835564
GBP,RSD,138.581578
GBP,RUB,68.991813
GBP,RWF,1220.937384
GBP,SAR,4.444254
GBP,SBD,9.660598
GBP,SCR,15.504426
GBP,SDG,540.449273
GBP,SEK,12.518371
GBP,SGD,1.661131
GBP,SHP,1.63071
GBP,SLL,15591.979988
GBP,SOS,691.988614
GBP,SRD,26.618248
GBP,STD,24504.366829
GBP,SVC,10.360067
GBP,SYP,2974.586887
GBP,SZL,20.290875
GBP,THB,43.293497
GBP,TJS,12.224738
GBP,TMT,4.155494
GBP,TND,3.626883
GBP,TOP,2.798035
GBP,TRY,20.681687
GBP,TTD,8.017822
GBP,TWD,35.438547
GBP,TZS,2760.857848
GBP,UAH,34.955421
GBP,UGX,4457.805132
GBP,USD,1.183901
GBP,UYU,48.573644
GBP,UZS,12946.829393
GBP,VND,27726.96868
GBP,VUV,140.76116
GBP,WST,3.22136
GBP,XAF,775.425214
GBP,XAG,0.064165
GBP,XAU,0.000692
GBP,XCD,3.199553
GBP,XDR,0.902555
GBP,XOF,775.398115
GBP,XPF,133.958623
GBP,YER,296.271002
GBP,ZAR,20.288276
GBP,ZMK,10656.536097
GBP,ZMW,19.429458
GBP,ZWL,381.215739
HKD,AED,0.467923
HKD,AFN,11.210244
HKD,ALL,14.914045
HKD,AMD,52.565756
HKD,ANG,0.229611
HKD,AOA,55.111891
HKD,ARS,16.307953
HKD,AUD,0.188602
HKD,AWG,0.228987
HKD,AZN,0.21654
HKD,BAM,0.248773
HKD,BBD,0.257236
HKD,BDT,11.969495
HKD,BGN,0.248534
HKD,BHD,0.048024
HKD,BIF,262.285029
HKD,BMD,0.127392
HKD,BND,0.178858
HKD,BOB,0.877167
HKD,BRL,0.691012
HKD,BSD,0.127403
HKD,BTC,6.19476e-06
HKD,BTN,10.169445
HKD,BWP,1.630236
HKD,BYN,0.321571
HKD,BYR,2496.883673
HKD,BZD,0.256804
HKD,CAD,0.167017
HKD,CDF,255.10285
HKD,CHF,0.125252
HKD,CLF,0.00466
HKD,CLP,128.581832
HKD,CNY,0.860686
HKD,COP,572.244972
HKD,CRC,87.338031
HKD,CUC,0.127392
HKD,CUP,3.375889
HKD,CVE,14.025353
HKD,CZK,3.108098
HKD,DJF,22.640124
HKD,DKK,0.945695
HKD,DOP,6.956253
HKD,DZD,18.744796
HKD,EGP,2.404894
HKD,ERN,1.91088
HKD,ETB,6.648894
HKD,EUR,0.12707
HKD,FJD,0.283855
HKD,FKP,0.107307
HKD,GBP,0.107604
HKD,GEL,0.37455
HKD,GGP,0.107307
HKD,GHS,1.035115
HKD,GIP,0.107307
HKD,GMD,6.890635
HKD,GNF,1105.632545
HKD,GTQ,0.986102
HKD,GYD,26.655016
HKD,HKD,1
HKD,HNL,3.132203
HKD,HRK,0.954829
HKD,HTG,14.763228
HKD,HUF,51.675938
HKD,IDR,1916.689438
HKD,ILS,0.445761
HKD,IMP,0.107307
HKD,INR,10.17589
HKD,IQD,185.946563
HKD,IRR,5395.05226
HKD,ISK,17.675672
HKD,JEP,0.107307
HKD,JMD,19.339801
HKD,JOD,0.090321
HKD,JPY,17.703733
HKD,KES,15.057949
HKD,KGS,10.331856
HKD,KHR,520.189399
HKD,KMF,59.18952
HKD,KPW,114.652821
HKD,KRW,167.756822
HKD,KWD,0.039249
HKD,KYD,0.106175
HKD,KZT,61.120849
HKD,LAK,1914.798159
HKD,LBP,192.658971
HKD,LKR,45.990823
HKD,LRD,19.427429
HKD,LSL,2.017848
HKD,LTL,0.376156
HKD,LVL,0.077058
HKD,LYD,0.620895
HKD,MAD,1.317924
HKD,MDL,2.460735
HKD,MGA,523.964731
HKD,MKD,7.835499
HKD,MMK,235.88636
HKD,MNT,400.604602
HKD,MOP,1.030101
HKD,MRO,45.478931
HKD,MUR,5.739021
HKD,MVR,1.955455
HKD,MWK,130.770743
HKD,MXN,2.650922
HKD,MYR,0.566126
HKD,MZN,8.13145
HKD,NAD,2.01792
HKD,NGN,52.909678
HKD,NIO,4.568005
HKD,NOK,1.30331
HKD,NPR,16.271072
HKD,NZD,0.207832
HKD,OMR,0.049045
HKD,PAB,0.127403
HKD,PEN,0.504009
HKD,PGK,0.454681
HKD,PHP,7.175973
HKD,PKR,26.69726
HKD,PLN,0.612329
HKD,PYG,874.16496
HKD,QAR,0.463838
HKD,RON,0.627928
HKD,RSD,14.911874
HKD,RUB,7.423766
HKD,RWF,131.377238
HKD,SAR,0.478218
HKD,SBD,1.039515
HKD,SCR,1.668332
HKD,SDG,58.154279
HKD,SEK,1.347022
HKD,SGD,0.178744
HKD,SHP,0.17547
HKD,SLL,1677.752929
HKD,SOS,74.460455
HKD,SRD,2.864219
HKD,STD,2636.757696
HKD,SVC,1.11478
HKD,SYP,320.07621
HKD,SZL,2.183371
HKD,THB,4.658535
HKD,TJS,1.315426
HKD,TMT,0.447146
HKD,TND,0.390266
HKD,TOP,0.301079
HKD,TRY,2.225424
HKD,TTD,0.862746
HKD,TWD,3.813315
HKD,TZS,297.078199
HKD,UAH,3.761329
HKD,UGX,479.675809
HKD,USD,0.127392
HKD,UYU,5.226698
HKD,UZS,1393.125245
HKD,VND,2983.521205
HKD,VUV,15.146405
HKD,WST,0.34663
HKD,XAF,83.438532
HKD,XAG,0.006904
HKD,XAU,7.4422749e-05
HKD,XCD,0.344283
HKD,XDR,0.097118
HKD,XOF,83.435616
HKD,XPF,14.414428
HKD,YER,31.879822
HKD,ZAR,2.183091
HKD,ZMK,1146.681478
HKD,ZMW,2.090679
HKD,ZWL,41.02018
IDR,AED,0.000244
IDR,AFN,0.005849
IDR,ALL,0.007781
IDR,AMD,0.027425
IDR,ANG,0.00012
IDR,AOA,0.028754
IDR,ARS,0.008508
IDR,AUD,9.8399864e-05
IDR,AWG,0.000119
IDR,AZN,0.000113
IDR,BAM,0.00013
IDR,BBD,0.000134
IDR,BDT,0.006245
IDR,BGN,0.00013
IDR,BHD,2.5055841e-05
IDR,BIF,0.136843
IDR,BMD,6.6464614e-05
IDR,BND,9.331592e-05
IDR,BOB,0.000458
IDR,BRL,0.000361
IDR,BSD,6.6470587e-05
IDR,BTC,3.232e-09
IDR,BTN,0.005306
IDR,BWP,0.000851
IDR,BYN,0.000168
IDR,BYR,1.302706
IDR,BZD,0.000134
IDR,CAD,8.7138439e-05
IDR,CDF,0.133096
IDR,CHF,6.534826e-05
IDR,CLF,2.431242e-06
IDR,CLP,0.067085
IDR,CNY,0.000449
IDR,COP,0.298559
IDR,CRC,0.045567
IDR,CUC,6.6464614e-05
IDR,CUP,0.001761
IDR,CVE,0.007317
IDR,CZK,0.001622
IDR,DJF,0.011812
IDR,DKK,0.000493
IDR,DOP,0.003629
IDR,DZD,0.00978
IDR,EGP,0.001255
IDR,ERN,0.000997
IDR,ETB,0.003469
IDR,EUR,6.6296791e-05
IDR,FJD,0.000148
IDR,FKP,5.5985604e-05
IDR,GBP,5.6140333e-05
IDR,GEL,0.000195
IDR,GGP,5.5985604e-05
IDR,GHS,0.00054
IDR,GIP,5.5985604e-05
IDR,GMD,0.003595
IDR,GNF,0.576845
IDR,GTQ,0.000514
IDR,GYD,0.013907
IDR,HKD,0.000522
IDR,HNL,0.001634
IDR,HRK,0.000498
IDR,HTG,0.007702
IDR,HUF,0.026961
IDR,IDR,1
IDR,ILS,0.000233
IDR,IMP,5.5985604e-05
IDR,INR,0.005309
IDR,IQD,0.097014
IDR,IRR,2.814776
IDR,ISK,0.009222
IDR,JEP,5.5985604e-05
IDR,JMD,0.01009
IDR,JOD,4.7123211e-05
IDR,JPY,0.009237
IDR,KES,0.007856
IDR,KGS,0.00539
IDR,KHR,0.2714
IDR,KMF,0.030881
IDR,KPW,0.059818
IDR,KRW,0.087524
IDR,KWD,2.0477477e-05
IDR,KYD,5.5394921e-05
IDR,KZT,0.031889
IDR,LAK,0.999013
IDR,LBP,0.100517
IDR,LKR,0.023995
IDR,LRD,0.010136
IDR,LSL,0.001053
IDR,LTL,0.000196
IDR,LVL,4.0203763e-05
IDR,LYD,0.000324
IDR,MAD,0.000688
IDR,MDL,0.001284
IDR,MGA,0.27337
IDR,MKD,0.004088
IDR,MMK,0.12307
IDR,MNT,0.209009
IDR,MOP,0.000537
IDR,MRO,0.023728
IDR,MUR,0.002994
IDR,MVR,0.00102
IDR,MWK,0.068227
IDR,MXN,0.001383
IDR,MYR,0.000295
IDR,MZN,0.004242
IDR,NAD,0.001053
IDR,NGN,0.027605
IDR,NIO,0.002383
IDR,NOK,0.00068
IDR,NPR,0.008489
IDR,NZD,0.000108
IDR,OMR,2.5588253e-05
IDR,PAB,6.6470587e-05
IDR,PEN,0.000263
IDR,PGK,0.000237
IDR,PHP,0.003744
IDR,PKR,0.013929
IDR,PLN,0.000319
IDR,PYG,0.456081
IDR,QAR,0.000242
IDR,RON,0.000328
IDR,RSD,0.00778
IDR,RUB,0.003873
IDR,RWF,0.068544
IDR,SAR,0.00025
IDR,SBD,0.000542
IDR,SCR,0.00087
IDR,SDG,0.030341
IDR,SEK,0.000703
IDR,SGD,9.3256423e-05
IDR,SHP,9.1548589e-05
IDR,SLL,0.875339
IDR,SOS,0.038848
IDR,SRD,0.001494
IDR,STD,1.375683
IDR,SVC,0.000582
IDR,SYP,0.166994
IDR,SZL,0.001139
IDR,THB,0.002431
IDR,TJS,0.000686
IDR,TMT,0.000233
IDR,TND,0.000204
IDR,TOP,0.000157
IDR,TRY,0.001161
IDR,TTD,0.00045
IDR,TWD,0.00199
IDR,TZS,0.154995
IDR,UAH,0.001962
IDR,UGX,0.250263
IDR,USD,6.6464614e-05
IDR,UYU,0.002727
IDR,UZS,0.726839
IDR,VND,1.556601
IDR,VUV,0.007902
IDR,WST,0.000181
IDR,XAF,0.043533
IDR,XAG,3.602223e-06
IDR,XAU,3.8829e-08
IDR,XCD,0.00018
IDR,XDR,5.0669728e-05
IDR,XOF,0.043531
IDR,XPF,0.00752
IDR,YER,0.016633
IDR,ZAR,0.001139
IDR,ZMK,0.598261
IDR,ZMW,0.001091
IDR,ZWL,0.021402
INR,AED,0.045983
INR,AFN,1.101647
INR,ALL,1.465626
INR,AMD,5.165716
INR,ANG,0.022564
INR,AOA,5.415928
INR,ARS,1.602607
INR,AUD,0.018534
INR,AWG,0.022503
INR,AZN,0.02128
INR,BAM,0.024447
INR,BBD,0.025279
INR,BDT,1.17626
INR,BGN,0.024424
INR,BHD,0.004719
INR,BIF,25.775144
INR,BMD,0.012519
INR,BND,0.017577
INR,BOB,0.086201
INR,BRL,0.067907
INR,BSD,0.01252
INR,BTC,6.08768e-07
INR,BTN,0.999367
INR,BWP,0.160206
INR,BYN,0.031601
INR,BYR,245.372506
INR,BZD,0.025237
INR,CAD,0.016413
INR,CDF,25.06934
INR,CHF,0.012309
INR,CLF,0.000458
INR,CLP,12.63593
INR,CNY,0.084581
INR,COP,56.235372
INR,CRC,8.582839
INR,CUC,0.012519
INR,CUP,0.331754
INR,CVE,1.378292
INR,CZK,0.305437
INR,DJF,2.224879
INR,DKK,0.092935
INR,DOP,0.683601
INR,DZD,1.842079
INR,EGP,0.236333
INR,ERN,0.187785
INR,ETB,0.653397
INR,EUR,0.012487
INR,FJD,0.027895
INR,FKP,0.010545
INR,GBP,0.010574
INR,GEL,0.036808
INR,GGP,0.010545
INR,GHS,0.101722
INR,GIP,0.010545
INR,GMD,0.677153
INR,GNF,108.65217
INR,GTQ,0.096906
INR,GYD,2.619428
INR,HKD,0.098272
INR,HNL,0.307806
INR,HRK,0.093832
INR,HTG,1.450805
INR,HUF,5.078272
INR,IDR,188.355948
INR,ILS,0.043806
INR,IMP,0.010545
INR,INR,1
INR,IQD,18.273248
INR,IRR,530.179884
INR,ISK,1.737015
INR,JEP,0.010545
INR,JMD,1.900551
INR,JOD,0.008876
INR,JPY,1.739772
INR,KES,1.479767
INR,KGS,1.015327
INR,KHR,51.119793
INR,KMF,5.816643
INR,KPW,11.267105
INR,KRW,16.485715
INR,KWD,0.003857
INR,KYD,0.010434
INR,KZT,6.006438
INR,LAK,188.170089
INR,LBP,18.932886
INR,LKR,4.519587
INR,LRD,1.909163
INR,LSL,0.198297
INR,LTL,0.036965
INR,LVL,0.007573
INR,LYD,0.061016
INR,MAD,0.129514
INR,MDL,0.24182
INR,MGA,51.490801
INR,MKD,0.770006
INR,MMK,23.180907
INR,MNT,39.368016
INR,MOP,0.10123
INR,MRO,4.469283
INR,MUR,0.563982
INR,MVR,0.192165
INR,MWK,12.851037
INR,MXN,0.26051
INR,MYR,0.055634
INR,MZN,0.79909
INR,NAD,0.198304
INR,NGN,5.199513
INR,NIO,0.448905
INR,NOK,0.128078
INR,NPR,1.598983
INR,NZD,0.020424
INR,OMR,0.00482
INR,PAB,0.01252
INR,PEN,0.04953
INR,PGK,0.044682
INR,PHP,0.705194
INR,PKR,2.62358
INR,PLN,0.060174
INR,PYG,85.905503
INR,QAR,0.045582
INR,RON,0.061707
INR,RSD,1.465412
INR,RUB,0.729545
INR,RWF,12.910638
INR,SAR,0.046995
INR,SBD,0.102155
INR,SCR,0.163949
INR,SDG,5.714908
INR,SEK,0.132374
INR,SGD,0.017565
INR,SHP,0.017244
INR,SLL,164.875299
INR,SOS,7.317341
INR,SRD,0.281471
INR,STD,259.118137
INR,SVC,0.109551
INR,SYP,31.45437
INR,SZL,0.214563
INR,THB,0.457801
INR,TJS,0.129269
INR,TMT,0.043942
INR,TND,0.038352
INR,TOP,0.029587
INR,TRY,0.218696
INR,TTD,0.084783
INR,TWD,0.37474
INR,TZS,29.194321
INR,UAH,0.369631
INR,UGX,47.138462
INR,USD,0.012519
INR,UYU,0.513635
INR,UZS,136.904509
INR,VND,293.195107
INR,VUV,1.48846
INR,WST,0.034064
INR,XAF,8.19963
INR,XAG,0.000679
INR,XAU,7.313635e-06
INR,XCD,0.033833
INR,XDR,0.009544
INR,XOF,8.199343
INR,XPF,1.416527
INR,YER,3.132878
INR,ZAR,0.214536
INR,ZMK,112.68611
INR,ZMW,0.205454
INR,ZWL,4.031115
JPY,AED,0.026431
JPY,AFN,0.633214
JPY,ALL,0.842424
JPY,AMD,2.96919
JPY,ANG,0.01297
JPY,AOA,3.11301
JPY,ARS,0.921159
JPY,AUD,0.010653
JPY,AWG,0.012934
JPY,AZN,0.012231
JPY,BAM,0.014052
JPY,BBD,0.01453
JPY,BDT,0.6761
JPY,BGN,0.014039
JPY,BHD,0.002713
JPY,BIF,14.815238
JPY,BMD,0.007196
JPY,BND,0.010103
JPY,BOB,0.049547
JPY,BRL,0.039032
JPY,BSD,0.007196
JPY,BTC,3.49913e-07
JPY,BTN,0.574424
JPY,BWP,0.092084
JPY,BYN,0.018164
JPY,BYR,141.037127
JPY,BZD,0.014506
JPY,CAD,0.009434
JPY,CDF,14.409551
JPY,CHF,0.007075
JPY,CLF,0.000263
JPY,CLP,7.262978
JPY,CNY,0.048616
JPY,COP,32.323407
JPY,CRC,4.933312
JPY,CUC,0.007196
JPY,CUP,0.190688
JPY,CVE,0.792226
JPY,CZK,0.175562
JPY,DJF,1.278833
JPY,DKK,0.053418
JPY,DOP,0.392926
JPY,DZD,1.058805
JPY,EGP,0.135841
JPY,ERN,0.107937
JPY,ETB,0.375564
JPY,EUR,0.007178
JPY,FJD,0.016034
JPY,FKP,0.006061
JPY,GBP,0.006078
JPY,GEL,0.021157
JPY,GGP,0.006061
JPY,GHS,0.058469
JPY,GIP,0.006061
JPY,GMD,0.389219
JPY,GNF,62.451943
JPY,GTQ,0.0557
JPY,GYD,1.505616
JPY,HKD,0.056485
JPY,HNL,0.176923
JPY,HRK,0.053934
JPY,HTG,0.833905
JPY,HUF,2.918929
JPY,IDR,108.264704
JPY,ILS,0.025179
JPY,IMP,0.006061
JPY,INR,0.574788
JPY,IQD,10.50324
JPY,IRR,304.740937
JPY,ISK,0.998415
JPY,JEP,0.006061
JPY,JMD,1.092414
JPY,JOD,0.005102
JPY,JPY,1
JPY,KES,0.850552
JPY,KGS,0.583598
JPY,KHR,29.383034
JPY,KMF,3.343336
JPY,KPW,6.476195
JPY,KRW,9.475788
JPY,KWD,0.002217
JPY,KYD,0.005997
JPY,KZT,3.452427
JPY,LAK,108.157874
JPY,LBP,10.882392
JPY,LKR,2.597804
JPY,LRD,1.097363
JPY,LSL,0.113979
JPY,LTL,0.021247
JPY,LVL,0.004353
JPY,LYD,0.035071
JPY,MAD,0.074443
JPY,MDL,0.138995
JPY,MGA,29.596285
JPY,MKD,0.44259
JPY,MMK,13.324103
JPY,MNT,22.628256
JPY,MOP,0.058186
JPY,MRO,2.568889
JPY,MUR,0.32417
JPY,MVR,0.110454
JPY,MWK,7.38662
JPY,MXN,0.149738
JPY,MYR,0.031978
JPY,MZN,0.459307
JPY,NAD,0.113983
JPY,NGN,2.988617
JPY,NIO,0.258025
JPY,NOK,0.073618
JPY,NPR,0.919076
JPY,NZD,0.011739
JPY,OMR,0.00277
JPY,PAB,0.007196
JPY,PEN,0.028469
JPY,PGK,0.025683
JPY,PHP,0.405337
JPY,PKR,1.508002
JPY,PLN,0.034588
JPY,PYG,49.377436
JPY,QAR,0.0262
JPY,RON,0.035469
JPY,RSD,0.842301
JPY,RUB,0.419333
JPY,RWF,7.420878
JPY,SAR,0.027012
JPY,SBD,0.058717
JPY,SCR,0.094236
JPY,SDG,3.28486
JPY,SEK,0.076087
JPY,SGD,0.010096
JPY,SHP,0.009911
JPY,SLL,94.768313
JPY,SOS,4.205918
JPY,SRD,0.161786
JPY,STD,148.937948
JPY,SVC,0.062969
JPY,SYP,18.079588
JPY,SZL,0.123328
JPY,THB,0.263139
JPY,TJS,0.074302
JPY,TMT,0.025257
JPY,TND,0.022044
JPY,TOP,0.017007
JPY,TRY,0.125704
JPY,TTD,0.048732
JPY,TWD,0.215396
JPY,TZS,16.78054
JPY,UAH,0.21246
JPY,UGX,27.094613
JPY,USD,0.007196
JPY,UYU,0.295231
JPY,UZS,78.691044
JPY,VND,168.524975
JPY,VUV,0.855549
JPY,WST,0.019579
JPY,XAF,4.713047
JPY,XAG,0.00039
JPY,XAU,4.203788e-06
JPY,XCD,0.019447
JPY,XDR,0.005486
JPY,XOF,4.712883
JPY,XPF,0.814203
JPY,YER,1.80074
JPY,ZAR,0.123312
JPY,ZMK,64.770603
JPY,ZMW,0.118093
JPY,ZWL,2.317036
MXN,AED,0.176513
MXN,AFN,4.22881
MXN,ALL,5.625985
MXN,AMD,19.829238
MXN,ANG,0.086616
MXN,AOA,20.78971
MXN,ARS,6.151805
MXN,AUD,0.071146
MXN,AWG,0.08638
MXN,AZN,0.081685
MXN,BAM,0.093844
MXN,BBD,0.097037
MXN,BDT,4.51522
MXN,BGN,0.093754
MXN,BHD,0.018116
MXN,BIF,98.941072
MXN,BMD,0.048056
MXN,BND,0.06747
MXN,BOB,0.330891
MXN,BRL,0.260669
MXN,BSD,0.04806
MXN,BTC,2.336832e-06
MXN,BTN,3.836192
MXN,BWP,0.61497
MXN,BYN,0.121305
MXN,BYR,941.892671
MXN,BZD,0.096873
MXN,CAD,0.063003
MXN,CDF,96.231758
MXN,CHF,0.047249
MXN,CLF,0.001758
MXN,CLP,48.504576
MXN,CNY,0.324674
MXN,COP,215.866422
MXN,CRC,32.946289
MXN,CUC,0.048056
MXN,CUP,1.273477
MXN,CVE,5.290746
MXN,CZK,1.17246
MXN,DJF,8.540473
MXN,DKK,0.356742
MXN,DOP,2.624089
MXN,DZD,7.071048
MXN,EGP,0.907192
MXN,ERN,0.720836
MXN,ETB,2.508144
MXN,EUR,0.047934
MXN,FJD,0.107078
MXN,FKP,0.040479
MXN,GBP,0.040591
MXN,GEL,0.14129
MXN,GGP,0.040479
MXN,GHS,0.390473
MXN,GIP,0.040479
MXN,GMD,2.599336
MXN,GNF,417.074773
MXN,GTQ,0.371985
MXN,GYD,10.055
MXN,HKD,0.377227
MXN,HNL,1.181552
MXN,HRK,0.360187
MXN,HTG,5.569093
MXN,HUF,19.493574
MXN,IDR,723.02757
MXN,ILS,0.168153
MXN,IMP,0.040479
MXN,INR,3.838624
MXN,IQD,70.144119
MXN,IRR,2035.160964
MXN,ISK,6.667746
MXN,JEP,0.040479
MXN,JMD,7.295501
MXN,JOD,0.034071
MXN,JPY,6.678331
MXN,KES,5.680269
MXN,KGS,3.897458
MXN,KHR,196.229639
MXN,KMF,22.327903
MXN,KPW,43.250173
MXN,KRW,63.282452
MXN,KWD,0.014806
MXN,KYD,0.040052
MXN,KZT,23.056452
MXN,LAK,722.314128
MXN,LBP,72.676222
MXN,LKR,17.348994
MXN,LRD,7.328556
MXN,LSL,0.761187
MXN,LTL,0.141896
MXN,LVL,0.029068
MXN,LYD,0.234218
MXN,MAD,0.497157
MXN,MDL,0.928256
MXN,MGA,197.653797
MXN,MKD,2.955764
MXN,MMK,88.982773
MXN,MNT,151.11899
MXN,MOP,0.388582
MXN,MRO,17.155894
MXN,MUR,2.164915
MXN,MVR,0.737651
MXN,MWK,49.330293
MXN,MXN,1
MXN,MYR,0.213558
MXN,MZN,3.067405
MXN,NAD,0.761215
MXN,NGN,19.958975
MXN,NIO,1.723176
MXN,NOK,0.491644
MXN,NPR,6.137892
MXN,NZD,0.0784
MXN,OMR,0.018501
MXN,PAB,0.04806
MXN,PEN,0.190126
MXN,PGK,0.171518
MXN,PHP,2.706973
MXN,PKR,10.070935
MXN,PLN,0.230987
MXN,PYG,329.758882
MXN,QAR,0.174972
MXN,RON,0.236871
MXN,RSD,5.625166
MXN,RUB,2.800447
MXN,RWF,49.55908
MXN,SAR,0.180397
MXN,SBD,0.392133
MXN,SCR,0.62934
MXN,SDG,21.937381
MXN,SEK,0.508133
MXN,SGD,0.067427
MXN,SHP,0.066192
MXN,SLL,632.894197
MXN,SOS,28.088516
MXN,SRD,1.080462
MXN,STD,994.65697
MXN,SVC,0.420526
MXN,SYP,120.741483
MXN,SZL,0.823627
MXN,THB,1.757327
MXN,TJS,0.496214
MXN,TMT,0.168676
MXN,TND,0.147219
MXN,TOP,0.113575
MXN,TRY,0.839491
MXN,TTD,0.325451
MXN,TWD,1.438486
MXN,TZS,112.066005
MXN,UAH,1.418876
MXN,UGX,180.946807
MXN,USD,0.048056
MXN,UYU,1.971653
MXN,UZS,525.524866
MXN,VND,1125.46563
MXN,VUV,5.713637
MXN,WST,0.130758
MXN,XAF,31.475292
MXN,XAG,0.002605
MXN,XAU,2.8074292e-05
MXN,XCD,0.129873
MXN,XDR,0.036636
MXN,XOF,31.474192
MXN,XPF,5.437516
MXN,YER,12.025939
MXN,ZAR,0.823522
MXN,ZMK,432.559551
MXN,ZMW,0.788661
MXN,ZWL,15.473931
SEK,AED,0.347376
SEK,AFN,8.322245
SEK,ALL,11.071868
SEK,AMD,39.023693
SEK,ANG,0.170458
SEK,AOA,40.913889
SEK,ARS,12.106675
SEK,AUD,0.140014
SEK,AWG,0.169995
SEK,AZN,0.160755
SEK,BAM,0.184684
SEK,BBD,0.190967
SEK,BDT,8.885897
SEK,BGN,0.184506
SEK,BHD,0.035652
SEK,BIF,194.714795
SEK,BMD,0.094573
SEK,BND,0.13278
SEK,BOB,0.65119
SEK,BRL,0.512993
SEK,BSD,0.094582
SEK,BTC,4.598857e-06
SEK,BTN,7.549579
SEK,BWP,1.210253
SEK,BYN,0.238727
SEK,BYR,1853.63302
SEK,BZD,0.190646
SEK,CAD,0.12399
SEK,CDF,189.382898
SEK,CHF,0.092985
SEK,CLF,0.003459
SEK,CLP,95.456401
SEK,CNY,0.638955
SEK,COP,424.822425
SEK,CRC,64.837886
SEK,CUC,0.094573
SEK,CUP,2.506188
SEK,CVE,10.412122
SEK,CZK,2.307386
SEK,DJF,16.807544
SEK,DKK,0.702063
SEK,DOP,5.164174
SEK,DZD,13.915735
SEK,EGP,1.785342
SEK,ERN,1.418597
SEK,ETB,4.935996
SEK,EUR,0.094334
SEK,FJD,0.210728
SEK,FKP,0.079662
SEK,GBP,0.079883
SEK,GEL,0.278058
SEK,GGP,0.079662
SEK,GHS,0.768447
SEK,GIP,0.079662
SEK,GMD,5.11546
SEK,GNF,820.797948
SEK,GTQ,0.732061
SEK,GYD,19.788114
SEK,HKD,0.742379
SEK,HNL,2.32528
SEK,HRK,0.708844
SEK,HTG,10.959905
SEK,HUF,38.363111
SEK,IDR,1422.909233
SEK,ILS,0.330924
SEK,IMP,0.079662
SEK,INR,7.554363
SEK,IQD,138.04275
SEK,IRR,4005.171377
SEK,ISK,13.122041
SEK,JEP,0.079662
SEK,JMD,14.357455
SEK,JOD,0.067052
SEK,JPY,13.142873
SEK,KES,11.178699
SEK,KGS,7.670149
SEK,KHR,386.177481
SEK,KMF,43.941034
SEK,KPW,85.115801
SEK,KRW,124.539076
SEK,KWD,0.029138
SEK,KYD,0.078822
SEK,KZT,45.374811
SEK,LAK,1421.505188
SEK,LBP,143.025899
SEK,LKR,34.142603
SEK,LRD,14.422508
SEK,LSL,1.498007
SEK,LTL,0.27925
SEK,LVL,0.057206
SEK,LYD,0.460939
SEK,MAD,0.978398
SEK,MDL,1.826797
SEK,MGA,388.980206
SEK,MKD,5.816907
SEK,MMK,175.116987
SEK,MNT,297.400286
SEK,MOP,0.764725
SEK,MRO,33.762585
SEK,MUR,4.260526
SEK,MVR,1.451688
SEK,MWK,97.081402
SEK,MXN,1.967988
SEK,MYR,0.42028
SEK,MZN,6.036615
SEK,NAD,1.498061
SEK,NGN,39.279013
SEK,NIO,3.391189
SEK,NOK,0.967549
SEK,NPR,12.079295
SEK,NZD,0.15429
SEK,OMR,0.03641
SEK,PAB,0.094582
SEK,PEN,0.374166
SEK,PGK,0.337545
SEK,PHP,5.327289
SEK,PKR,19.819474
SEK,PLN,0.45458
SEK,PYG,648.961364
SEK,QAR,0.344344
SEK,RON,0.46616
SEK,RSD,11.070257
SEK,RUB,5.511245
SEK,RWF,97.531651
SEK,SAR,0.355019
SEK,SBD,0.771714
SEK,SCR,1.238534
SEK,SDG,43.172492
SEK,SEK,1
SEK,SGD,0.132695
SEK,SHP,0.130265
SEK,SLL,1245.527881
SEK,SOS,55.277849
SEK,SRD,2.126335
SEK,STD,1957.472503
SEK,SVC,0.827589
SEK,SYP,237.617731
SEK,SZL,1.620888
SEK,THB,3.458397
SEK,TJS,0.976544
SEK,TMT,0.331952
SEK,TND,0.289725
SEK,TOP,0.223514
SEK,TRY,1.652107
SEK,TTD,0.640484
SEK,TWD,2.830923
SEK,TZS,220.5445
SEK,UAH,2.79233
SEK,UGX,356.101059
SEK,USD,0.094573
SEK,UYU,3.880189
SEK,UZS,1034.226377
SEK,VND,2214.902313
SEK,VUV,11.244367
SEK,WST,0.257331
SEK,XAF,61.942981
SEK,XAG,0.005126
SEK,XAU,5.5249857e-05
SEK,XCD,0.255589
SEK,XDR,0.072098
SEK,XOF,61.940817
SEK,XPF,10.700963
SEK,YER,23.666898
SEK,ZAR,1.62068
SEK,ZMK,851.271797
SEK,ZMW,1.552076
SEK,ZWL,30.452504
SGD,AED,2.617845
SGD,AFN,62.716895
SGD,ALL,83.438206
SGD,AMD,294.084688
SGD,ANG,1.284583
SGD,AOA,308.32931
SGD,ARS,91.236569
SGD,AUD,1.055154
SGD,AWG,1.281093
SGD,AZN,1.211456
SGD,BAM,1.391786
SGD,BBD,1.439137
SGD,BDT,66.964607
SGD,BGN,1.39045
SGD,BHD,0.268677
SGD,BIF,1467.381362
SGD,BMD,0.712708
SGD,BND,1.000638
SGD,BOB,4.907403
SGD,BRL,3.865942
SGD,BSD,0.712772
SGD,BTC,3.4657239e-05
SGD,BTN,56.894037
SGD,BWP,9.12053
SGD,BYN,1.799063
SGD,BYR,13969.080022
SGD,BZD,1.436717
SGD,CAD,0.934396
SGD,CDF,1427.199897
SGD,CHF,0.700737
SGD,CLF,0.026071
SGD,CLP,719.364669
SGD,CNY,4.815199
SGD,COP,3201.485074
SGD,CRC,488.621861
SGD,CUC,0.712708
SGD,CUP,18.886766
SGD,CVE,78.46632
SGD,CZK,17.388585
SGD,DJF,126.662571
SGD,DKK,5.290788
SGD,DOP,38.917495
SGD,DZD,104.869743
SGD,EGP,13.454434
SGD,ERN,10.690622
SGD,ETB,37.197939
SGD,EUR,0.710909
SGD,FJD,1.588055
SGD,FKP,0.60034
SGD,GBP,0.602
SGD,GEL,2.095459
SGD,GGP,0.60034
SGD,GHS,5.791058
SGD,GIP,0.60034
SGD,GMD,38.550387
SGD,GNF,6185.578315
SGD,GTQ,5.516852
SGD,GYD,149.124309
SGD,HKD,5.594606
SGD,HNL,17.523441
SGD,HRK,5.34189
SGD,HTG,82.594443
SGD,HUF,289.106505
SGD,IDR,10723.121958
SGD,ILS,2.493859
SGD,IMP,0.60034
SGD,INR,56.930095
SGD,IQD,1040.297729
SGD,IRR,30183.190982
SGD,ISK,98.888417
SGD,JEP,0.60034
SGD,JMD,108.198564
SGD,JOD,0.505308
SGD,JPY,99.04541
SGD,KES,84.24329
SGD,KGS,57.802664
SGD,KHR,2910.254656
SGD,KMF,331.142038
SGD,KPW,641.437342
SGD,KRW,938.533301
SGD,KWD,0.219582
SGD,KYD,0.594006
SGD,KZT,341.94706
SGD,LAK,10712.541
SGD,LBP,1077.851009
SGD,LKR,257.300528
SGD,LRD,108.688807
SGD,LSL,11.289065
SGD,LTL,2.104442
SGD,LVL,0.43111
SGD,LYD,3.473661
SGD,MAD,7.373263
SGD,MDL,13.766841
SGD,MGA,2931.376152
SGD,MKD,43.836531
SGD,MMK,1319.691214
SGD,MNT,2241.224851
SGD,MOP,5.763009
SGD,MRO,254.436692
SGD,MUR,32.107558
SGD,MVR,10.939998
SGD,MWK,731.610765
SGD,MXN,14.830862
SGD,MYR,3.167252
SGD,MZN,45.492259
SGD,NAD,11.28947
SGD,NGN,296.008795
SGD,NIO,25.556186
SGD,NOK,7.291504
SGD,NPR,91.030232
SGD,NZD,1.162741
SGD,OMR,0.274386
SGD,PAB,0.712772
SGD,PEN,2.819734
SGD,PGK,2.54376
SGD,PHP,40.146743
SGD,PKR,149.360645
SGD,PLN,3.425739
SGD,PYG,4890.608406
SGD,QAR,2.594992
SGD,RON,3.513008
SGD,RSD,83.42606
SGD,RUB,41.533046
SGD,RWF,735.003868
SGD,SAR,2.675439
SGD,SBD,5.815676
SGD,SCR,9.333659
SGD,SDG,325.350269
SGD,SEK,7.536055
SGD,SGD,1
SGD,SHP,0.981687
SGD,SLL,9386.366366
SGD,SOS,416.576897
SGD,SRD,16.024176
SGD,STD,14751.620051
SGD,SVC,6.236757
SGD,SYP,1790.70024
SGD,SZL,12.215099
SGD,THB,26.06267
SGD,TJS,7.359288
SGD,TMT,2.501606
SGD,TND,2.183383
SGD,TOP,1.684416
SGD,TRY,12.450368
SGD,TTD,4.826726
SGD,TWD,21.333993
SGD,TZS,1662.035435
SGD,UAH,21.043151
SGD,UGX,2683.597092
SGD,USD,0.712708
SGD,UYU,29.241317
SGD,UZS,7793.986655
SGD,VND,16691.62521
SGD,VUV,84.738168
SGD,WST,1.939258
SGD,XAF,466.805701
SGD,XAG,0.038627
SGD,XAU,0.000416
SGD,XCD,1.92613
SGD,XDR,0.543338
SGD,XOF,466.789388
SGD,XPF,80.643043
SGD,YER,178.355037
SGD,ZAR,12.213535
SGD,ZMK,6415.230912
SGD,ZMW,11.696527
SGD,ZWL,229.491738
THB,AED,0.100444
THB,AFN,2.406388
THB,ALL,3.201445
THB,AMD,11.283751
THB,ANG,0.049288
THB,AOA,11.830304
THB,ARS,3.500661
THB,AUD,0.040485
THB,AWG,0.049154
THB,AZN,0.046482
THB,BAM,0.053402
THB,BBD,0.055218
THB,BDT,2.569369
THB,BGN,0.05335
THB,BHD,0.010309
THB,BIF,56.302036
THB,BMD,0.027346
THB,BND,0.038394
THB,BOB,0.188292
THB,BRL,0.148333
THB,BSD,0.027348
THB,BTC,1.329765e-06
THB,BTN,2.18297
THB,BWP,0.349946
THB,BYN,0.069028
THB,BYR,535.980397
THB,BZD,0.055125
THB,CAD,0.035852
THB,CDF,54.760311
THB,CHF,0.026887
THB,CLF,0.001
THB,CLP,27.601342
THB,CNY,0.184755
THB,COP,122.837956
THB,CRC,18.747959
THB,CUC,0.027346
THB,CUP,0.724667
THB,CVE,3.010679
THB,CZK,0.667184
THB,DJF,4.859923
THB,DKK,0.203003
THB,DOP,1.493228
THB,DZD,4.023753
THB,EGP,0.516234
THB,ERN,0.410189
THB,ETB,1.42725
THB,EUR,0.027277
THB,FJD,0.060932
THB,FKP,0.023034
THB,GBP,0.023098
THB,GEL,0.080401
THB,GGP,0.023034
THB,GHS,0.222197
THB,GIP,0.023034
THB,GMD,1.479142
THB,GNF,237.334793
THB,GTQ,0.211676
THB,GYD,5.721759
THB,HKD,0.21466
THB,HNL,0.672358
THB,HRK,0.204963
THB,HTG,3.169071
THB,HUF,11.092743
THB,IDR,411.436054
THB,ILS,0.095687
THB,IMP,0.023034
THB,INR,2.184354
THB,IQD,39.915241
THB,IRR,1158.100509
THB,ISK,3.794255
THB,JEP,0.023034
THB,JMD,4.151477
THB,JOD,0.019388
THB,JPY,3.800279
THB,KES,3.232335
THB,KGS,2.217834
THB,KHR,111.66372
THB,KMF,12.705607
THB,KPW,24.611345
THB,KRW,36.010636
THB,KWD,0.008425
THB,KYD,0.022791
THB,KZT,13.120185
THB,LAK,411.030073
THB,LBP,41.356124
THB,LKR,9.872378
THB,LRD,4.170287
THB,LSL,0.433151
THB,LTL,0.080745
THB,LVL,0.016541
THB,LYD,0.133281
THB,MAD,0.282905
THB,MDL,0.528221
THB,MGA,112.474132
THB,MKD,1.681966
THB,MMK,50.635305
THB,MNT,85.993679
THB,MOP,0.221121
THB,MRO,9.762495
THB,MUR,1.231937
THB,MVR,0.419757
THB,MWK,28.071214
THB,MXN,0.569046
THB,MYR,0.121524
THB,MZN,1.745495
THB,NAD,0.433166
THB,NGN,11.357578
THB,NIO,0.980567
THB,NOK,0.279768
THB,NPR,3.492744
THB,NZD,0.044613
THB,OMR,0.010528
THB,PAB,0.027348
THB,PEN,0.108191
THB,PGK,0.097602
THB,PHP,1.540393
THB,PKR,5.730827
THB,PLN,0.131442
THB,PYG,187.648022
THB,QAR,0.099567
THB,RON,0.134791
THB,RSD,3.200979
THB,RUB,1.593584
THB,RWF,28.201404
THB,SAR,0.102654
THB,SBD,0.223142
THB,SCR,0.358124
THB,SDG,12.483382
THB,SEK,0.289151
THB,SGD,0.038369
THB,SHP,0.037666
THB,SLL,360.146005
THB,SOS,15.983662
THB,SRD,0.614832
THB,STD,566.005718
THB,SVC,0.239298
THB,SYP,68.707476
THB,SZL,0.468682
THB,THB,1
THB,TJS,0.282369
THB,TMT,0.095984
THB,TND,0.083774
THB,TOP,0.064629
THB,TRY,0.477709
THB,TTD,0.185197
THB,TWD,0.818565
THB,TZS,63.770729
THB,UAH,0.807406
THB,UGX,102.967084
THB,USD,0.027346
THB,UYU,1.121962
THB,UZS,299.047901
THB,VND,640.441882
THB,VUV,3.251323
THB,WST,0.074407
THB,XAF,17.910894
THB,XAG,0.001482
THB,XAU,1.5975568e-05
THB,XCD,0.073904
THB,XDR,0.020847
THB,XOF,17.910268
THB,XPF,3.094197
THB,YER,6.843314
THB,ZAR,0.468622
THB,ZMK,246.146346
THB,ZMW,0.448785
THB,ZWL,8.805381
USD,AED,3.673095
USD,AFN,87.998003
USD,ALL,117.07205
USD,AMD,412.629885
USD,ANG,1.802396
USD,AOA,432.616498
USD,ARS,128.013925
USD,AUD,1.480485
USD,AWG,1.7975
USD,AZN,1.699792
USD,BAM,1.952813
USD,BBD,2.019251
USD,BDT,93.957963
USD,BGN,1.950939
USD,BHD,0.37698
USD,BIF,2058.88109
USD,BMD,1
USD,BND,1.403994
USD,BOB,6.885572
USD,BRL,5.424299
USD,BSD,1.00009
USD,BTC,4.8627531e-05
USD,BTN,79.827958
USD,BWP,12.797004
USD,BYN,2.524263
USD,BYR,19600
USD,BZD,2.015856
USD,CAD,1.31105
USD,CDF,2002.502522
USD,CHF,0.983204
USD,CLF,0.036579
USD,CLP,1009.339735
USD,CNY,6.7562
USD,COP,4492
USD,CRC,685.584767
USD,CUC,1
USD,CUP,26.5
USD,CVE,110.096003
USD,CZK,24.397903
USD,DJF,177.720107
USD,DKK,7.423499
USD,DOP,54.605092
USD,DZD,147.142615
USD,EGP,18.877901
USD,ERN,15
USD,ETB,52.192385
USD,EUR,0.997475
USD,FJD,2.228198
USD,FKP,0.842337
USD,GBP,0.844665
USD,GEL,2.940136
USD,GGP,0.842337
USD,GHS,8.125427
USD,GIP,0.842337
USD,GMD,54.090003
USD,GNF,8678.977769
USD,GTQ,7.740689
USD,GYD,209.236146
USD,HKD,7.849785
USD,HNL,24.587119
USD,HRK,7.4952
USD,HTG,115.888168
USD,HUF,405.645003
USD,IDR,15045.6
USD,ILS,3.49913
USD,IMP,0.842337
USD,INR,79.87855
USD,IQD,1459.640539
USD,IRR,42350.000308
USD,ISK,138.750223
USD,JEP,0.842337
USD,JMD,151.81328
USD,JOD,0.708997
USD,JPY,138.9705
USD,KES,118.201663
USD,KGS,81.102851
USD,KHR,4083.374938
USD,KMF,464.625009
USD,KPW,899.999992
USD,KRW,1316.854988
USD,KWD,0.308096
USD,KYD,0.83345
USD,KZT,479.785524
USD,LAK,15030.753869
USD,LBP,1512.331503
USD,LKR,361.018073
USD,LRD,152.50114
USD,LSL,15.839674
USD,LTL,2.95274
USD,LVL,0.60489
USD,LYD,4.873889
USD,MAD,10.345416
USD,MDL,19.316239
USD,MGA,4113.010484
USD,MKD,61.506986
USD,MMK,1851.657214
USD,MNT,3144.659992
USD,MOP,8.086071
USD,MRO,356.999828
USD,MUR,45.050078
USD,MVR,15.349898
USD,MWK,1026.522217
USD,MXN,20.809165
USD,MYR,4.443967
USD,MZN,63.830136
USD,NAD,15.840242
USD,NGN,415.329597
USD,NIO,35.857855
USD,NOK,10.230701
USD,NPR,127.724413
USD,NZD,1.63144
USD,OMR,0.384991
USD,PAB,1.00009
USD,PEN,3.956365
USD,PGK,3.569146
USD,PHP,56.329848
USD,PKR,209.567748
USD,PLN,4.80665
USD,PYG,6862.00699
USD,QAR,3.641031
USD,RON,4.929097
USD,RSD,117.055009
USD,RUB,58.274969
USD,RWF,1031.283075
USD,SAR,3.753906
USD,SBD,8.159969
USD,SCR,13.096046
USD,SDG,456.498585
USD,SEK,10.57383
USD,SGD,1.403099
USD,SHP,1.377403
USD,SLL,13169.999776
USD,SOS,584.498562
USD,SRD,22.483502
USD,STD,20697.981008
USD,SVC,8.750786
USD,SYP,2512.529433
USD,SZL,17.138992
USD,THB,36.568502
USD,TJS,10.325808
USD,TMT,3.51
USD,TND,3.063502
USD,TOP,2.363403
USD,TRY,17.469097
USD,TTD,6.772374
USD,TWD,29.9337
USD,TZS,2331.999994
USD,UAH,29.525621
USD,UGX,3765.351972
USD,USD,1
USD,UYU,41.028457
USD,UZS,10935.733649
USD,VND,23420
USD,VUV,118.896025
USD,WST,2.72097
USD,XAF,654.974538
USD,XAG,0.054198
USD,XAU,0.000584
USD,XCD,2.70255
USD,XDR,0.762356
USD,XOF,654.951649
USD,XPF,113.15016
USD,YER,250.249746
USD,ZAR,17.136797
USD,ZMK,9001.203062
USD,ZMW,16.411383
USD,ZWL,321.999592
VND,AED,0.000157
VND,AFN,0.003757
VND,ALL,0.004999
VND,AMD,0.017619
VND,ANG,7.695971e-05
VND,AOA,0.018472
VND,ARS,0.005466
VND,AUD,6.321456e-05
VND,AWG,7.675064e-05
VND,AZN,7.2578643e-05
VND,BAM,8.3382276e-05
VND,BBD,8.6219083e-05
VND,BDT,0.004012
VND,BGN,8.3302249e-05
VND,BHD,1.6096506e-05
VND,BIF,0.087911
VND,BMD,4.2698548e-05
VND,BND,5.9948506e-05
VND,BOB,0.000294
VND,BRL,0.000232
VND,BSD,4.2702385e-05
VND,BTC,2.076e-09
VND,BTN,0.003409
VND,BWP,0.000546
VND,BYN,0.000108
VND,BYR,0.836892
VND,BZD,8.6074127e-05
VND,CAD,5.5979936e-05
VND,CDF,0.085504
VND,CHF,4.1981374e-05
VND,CLF,1.561891e-06
VND,CLP,0.043097
VND,CNY,0.000288
VND,COP,0.191802
VND,CRC,0.029273
VND,CUC,4.2698548e-05
VND,CUP,0.001132
VND,CVE,0.004701
VND,CZK,0.001042
VND,DJF,0.007588
VND,DKK,0.000317
VND,DOP,0.002332
VND,DZD,0.006283
VND,EGP,0.000806
VND,ERN,0.00064
VND,ETB,0.002229
VND,EUR,4.2590734e-05
VND,FJD,9.514081e-05
VND,FKP,3.5966567e-05
VND,GBP,3.6065969e-05
VND,GEL,0.000126
VND,GGP,3.5966567e-05
VND,GHS,0.000347
VND,GIP,3.5966567e-05
VND,GMD,0.00231
VND,GNF,0.37058
VND,GTQ,0.000331
VND,GYD,0.008934
VND,HKD,0.000335
VND,HNL,0.00105
VND,HRK,0.00032
VND,HTG,0.004948
VND,HUF,0.01732
VND,IDR,0.642425
VND,ILS,0.000149
VND,IMP,3.5966567e-05
VND,INR,0.003411
VND,IQD,0.062325
VND,IRR,1.808284
VND,ISK,0.005924
VND,JEP,3.5966567e-05
VND,JMD,0.006482
VND,JOD,3.0273142e-05
VND,JPY,0.005934
VND,KES,0.005047
VND,KGS,0.003463
VND,KHR,0.174354
VND,KMF,0.019839
VND,KPW,0.038429
VND,KRW,0.056228
VND,KWD,1.3155249e-05
VND,KYD,3.5587098e-05
VND,KZT,0.020486
VND,LAK,0.641791
VND,LBP,0.064574
VND,LKR,0.015415
VND,LRD,0.006512
VND,LSL,0.000676
VND,LTL,0.000126
VND,LVL,2.5827914e-05
VND,LYD,0.000208
VND,MAD,0.000442
VND,MDL,0.000825
VND,MGA,0.17562
VND,MKD,0.002626
VND,MMK,0.079063
VND,MNT,0.134272
VND,MOP,0.000345
VND,MRO,0.015243
VND,MUR,0.001924
VND,MVR,0.000655
VND,MWK,0.043831
VND,MXN,0.000889
VND,MYR,0.00019
VND,MZN,0.002725
VND,NAD,0.000676
VND,NGN,0.017734
VND,NIO,0.001531
VND,NOK,0.000437
VND,NPR,0.005454
VND,NZD,6.9660135e-05
VND,OMR,1.6438541e-05
VND,PAB,4.2702385e-05
VND,PEN,0.000169
VND,PGK,0.000152
VND,PHP,0.002405
VND,PKR,0.008948
VND,PLN,0.000205
VND,PYG,0.292998
VND,QAR,0.000155
VND,RON,0.00021
VND,RSD,0.004998
VND,RUB,0.002488
VND,RWF,0.044034
VND,SAR,0.00016
VND,SBD,0.000348
VND,SCR,0.000559
VND,SDG,0.019492
VND,SEK,0.000451
VND,SGD,5.9910284e-05
VND,SHP,5.8813128e-05
VND,SLL,0.56234
VND,SOS,0.024957
VND,SRD,0.00096
VND,STD,0.883774
VND,SVC,0.000374
VND,SYP,0.107281
VND,SZL,0.000732
VND,THB,0.001561
VND,TJS,0.000441
VND,TMT,0.00015
VND,TND,0.000131
VND,TOP,0.000101
VND,TRY,0.000746
VND,TTD,0.000289
VND,TWD,0.001278
VND,TZS,0.099573
VND,UAH,0.001261
VND,UGX,0.160775
VND,USD,4.2698548e-05
VND,UYU,0.001752
VND,UZS,0.46694
VND,VND,1
VND,VUV,0.005077
VND,WST,0.000116
VND,XAF,0.027966
VND,XAG,2.314159e-06
VND,XAU,2.4945e-08
VND,XCD,0.000115
VND,XDR,3.2551514e-05
VND,XOF,0.027965
VND,XPF,0.004831
VND,YER,0.010685
VND,ZAR,0.000732
VND,ZMK,0.384338
VND,ZMW,0.000701
VND,ZWL,0.013749
